Workbook

Sheet 📋 Varsayımlar
A1: PALLET Leather — Model Varsayımları
A2: Parametre | B2: Yıl 1 | C2: Yıl 2 | D2: Yıl 3
A3: SATIŞ HACMİ
A4: Yıllık satış (çift) | B4: 180 | C4: 360 | D4: 600
A5: Aylık ortalama (çift) | B5: 15 | C5: 30 | D5: 50
A6: FİYATLANDIRMA
A7: Satış fiyatı / çift ($) | B7: 35 | C7: 40 | D7: 45
A8: Birim üretim maliyeti ($) | B8: 15 | C8: 15 | D8: 15
A9: Birim brüt kar ($) | B9: =C7-C8 | C9: =D7-D8 | D9: =E7-E8
A10: PAZARLAMA
A11: Aylık pazarlama bütçesi ($) | B11: 500 | C11: 700 | D11: 1000
A12: Yıllık pazarlama bütçesi ($) | B12: =C11*12 | C12: =D11*12 | D12: =E11*12
A13: SABİT GİDERLER (AYLIK)
A14: Depo / Kargo / Paketleme ($) | B14: 250 | C14: 250 | D14: 250
A15: Web, domain, araçlar ($) | B15: 50 | C15: 50 | D15: 100
A16: Muhasebe & diğer ($) | B16: 100 | C16: 100 | D16: 100
A18: 💡 Sarı hücrelerdeki değerleri değiştirerek tüm model otomatik güncellenir.

Sheet 📊 P&L
A1: PALLET Leather — Gelir Tablosu (3 Yıl)
B2: Yıl 1 | C2: Yıl 2 | D2: Yıl 3 | E2: 3 Yıl Toplam
A3: GELİR
A4: Satış adedi (çift) | B4: ='📋 Varsayımlar'!C4 | C4: ='📋 Varsayımlar'!D4 | D4: ='📋 Varsayımlar'!E4 | E4: =B4+C4+D4
A5: Ortalama satış fiyatı ($) | B5: ='📋 Varsayımlar'!C7 | C5: ='📋 Varsayımlar'!D7 | D5: ='📋 Varsayımlar'!E7 | E5: =AVERAGE(B5:D5)
A6: TOPLAM GELİR | B6: =B4*B5 | C6: =C4*C5 | D6: =D4*D5 | E6: =B6+C6+D6
A7: SATILAN MAL MALİYETİ (COGS)
A8: Birim üretim maliyeti ($) | B8: ='📋 Varsayımlar'!C8 | C8: ='📋 Varsayımlar'!D8 | D8: ='📋 Varsayımlar'!E8 | E8: =AVERAGE(B8:D8)
A9: TOPLAM COGS | B9: =B4*B8 | C9: =C4*C8 | D9: =D4*D8 | E9: =B9+C9+D9
A10: BRÜT KAR | B10: =B6-B9 | C10: =C6-C9 | D10: =D6-D9 | E10: =B10+C10+D10
A11: Brüt Marj (%) | B11: =IF(B6>0,B10/B6*100,0) | C11: =IF(C6>0,C10/C6*100,0) | D11: =IF(D6>0,D10/D6*100,0) | E11: =IF(E6>0,E10/E6*100,0)
A12: OPERASYONEL GİDERLER
A13: Pazarlama | B13: ='📋 Varsayımlar'!C12 | C13: ='📋 Varsayımlar'!D12 | D13: ='📋 Varsayımlar'!E12 | E13: =B13+C13+D13
A14: Depo / Kargo / Paketleme | B14: ='📋 Varsayımlar'!C14*12 | C14: ='📋 Varsayımlar'!D14*12 | D14: ='📋 Varsayımlar'!E14*12 | E14: =B14+C14+D14
A15: Web, domain, araçlar | B15: ='📋 Varsayımlar'!C15*12 | C15: ='📋 Varsayımlar'!D15*12 | D15: ='📋 Varsayımlar'!E15*12 | E15: =B15+C15+D15
A16: Muhasebe & diğer | B16: ='📋 Varsayımlar'!C16*12 | C16: ='📋 Varsayımlar'!D16*12 | D16: ='📋 Varsayımlar'!E16*12 | E16: =B16+C16+D16
A17: TOPLAM GİDER | B17: =B13+B14+B15+B16 | C17: =C13+C14+C15+C16 | D17: =D13+D14+D15+D16 | E17: =E13+E14+E15+E16
A18: NET KAR / ZARAR | B18: =B10-B17 | C18: =C10-C17 | D18: =D10-D17 | E18: =E10-E17
A19: Net Marj (%) | B19: =IF(B6>0,B18/B6*100,0) | C19: =IF(C6>0,C18/C6*100,0) | D19: =IF(D6>0,D18/D6*100,0) | E19: =IF(E6>0,E18/E6*100,0)
A20: KÜMÜLATİF NAKİT POZİSYONU
A21: Kümülatif Net | B21: =B18 | C21: =B21+C18 | D21: =C21+D18
A22: BAŞABAŞ ANALİZİ
A23: Başabaş (çift/ay) | B23: =ROUND((B13/12+B14/12+B15/12+B16/12)/(B5-B8),0) | C23: =ROUND((C13/12+C14/12+C15/12+C16/12)/(C5-C8),0) | D23: =ROUND((D13/12+D14/12+D15/12+D16/12)/(D5-D8),0)

Sheet 📅 Yıl 1 — Aylık
A1: PALLET Leather — Yıl 1 Aylık Döküm
B2: Satış (çift) | C2: Gelir | D2: COGS | E2: Brüt Kar | F2: Gider | G2: Net | H2: Kümülatif
A3: Ay 1 | B3: 3 | C3: 105 | D3: 45 | E3: 60 | F3: 900 | G3: -840 | H3: -840
A4: Ay 2 | B4: 4 | C4: 140 | D4: 60 | E4: 80 | F4: 900 | G4: -820 | H4: -1660
A5: Ay 3 | B5: 5 | C5: 175 | D5: 75 | E5: 100 | F5: 900 | G5: -800 | H5: -2460
A6: Ay 4 | B6: 8 | C6: 280 | D6: 120 | E6: 160 | F6: 900 | G6: -740 | H6: -3200
A7: Ay 5 | B7: 12 | C7: 420 | D7: 180 | E7: 240 | F7: 900 | G7: -660 | H7: -3860
A8: Ay 6 | B8: 15 | C8: 525 | D8: 225 | E8: 300 | F8: 900 | G8: -600 | H8: -4460
A9: Ay 7 | B9: 18 | C9: 630 | D9: 270 | E9: 360 | F9: 900 | G9: -540 | H9: -5000
A10: Ay 8 | B10: 20 | C10: 700 | D10: 300 | E10: 400 | F10: 900 | G10: -500 | H10: -5500
A11: Ay 9 | B11: 22 | C11: 770 | D11: 330 | E11: 440 | F11: 900 | G11: -460 | H11: -5960
A12: Ay 10 | B12: 24 | C12: 840 | D12: 360 | E12: 480 | F12: 900 | G12: -420 | H12: -6380
A13: Ay 11 | B13: 24 | C13: 840 | D13: 360 | E13: 480 | F13: 900 | G13: -420 | H13: -6800
A14: Ay 12 | B14: 25 | C14: 875 | D14: 375 | E14: 500 | F14: 900 | G14: -400 | H14: -7200
A15: TOPLAM | B15: 180 | C15: 6300 | D15: 2700 | E15: 3600 | F15: 10800 | G15: -7200
